"Model","AIC","BIC","LogLik"
"Lognormal AFT",13160.888923345,13211.0667965139,-6573.44446167249
"Weibull AFT",13306.6291808053,13356.8070539742,-6646.31459040265
