"wave","p_value_los","p_value_log_los"
"1",0.0000000000000000000000000000000000000000571304033122126,0.980553069055133
"2",0.00000000000000000000000000000000000000000000944690285568281,0.73865536915482
"3",0.000000000000000000000000000109510294673481,0.46440350582546
